{
  "accuracy": 0.6334448160535117,
  "macro_f1": 0.6315117345666508,
  "per_class_f1": {
    "negative": 0.7124117053481333,
    "neutral": 0.4850361197110423,
    "positive": 0.6970873786407767
  },
  "per_class_precision": {
    "negative": 0.717479674796748,
    "neutral": 0.4644268774703557,
    "positive": 0.7223340040241448
  },
  "per_class_recall": {
    "negative": 0.7074148296593187,
    "neutral": 0.5075593952483801,
    "positive": 0.6735459662288931
  }
}